[{"id":"user-image--min.jpg","publicUrl":"np://user.desktop.nicepage.com/Site_205522891/images/-min.jpg","size":99798,"hash":"nMCTKtJMCI8CcBbtRttVWpJ+YBQ=","fileName":"-min.jpg","name":"-min","width":1782,"height":1080,"thumbnail":{"url":"np://user.desktop.nicepage.com/Site_205522891/images/thumbnails/-min.jpg","width":250,"height":152},"originalUrl":"//images01.nicepage.com/c461c07a441a5d220e8feb1a/0368ac4b59b75190a2cd6f0c/-min.jpg","usages":["99202607"]},{"id":"user-image-logo.jpg","publicUrl":"np://user.desktop.nicepage.com/Site_205522891/images/logo.jpg","size":22271,"hash":"zAXIMPE1lvRyKEhbe0IbjRGW5eA=","fileName":"logo.jpg","name":"logo","width":310,"height":310,"thumbnail":{"url":"np://user.desktop.nicepage.com/Site_205522891/images/thumbnails/logo.jpg","width":250,"height":250},"usages":[]}]